快照時間,代號,名稱,市場,產業,盤中現價,盤中漲跌幅,盤中漲跌,盤中成交量,盤中時間,AI總分,盤中強度分,即時決策,入場狀態,左側試單價,右側確認價,追價上限,防守停損,風險分,決策原因,昨收,開盤,最高,最低,最近單量,價格來源,盤中狀態,技術分,籌碼分,候選來源
2026-10-07T19:59:52+08:00,2313,華通,上市,電子工業,246.0,-2.38,-6.0,59650,13:30:00,72.8,73.6,可小量試單,✅ 動能與分數同步,246.00,261.00,250.43,241.57,30.0,AI/技術/籌碼與盤中動能同步，且尚未過熱。,252.0,254.5,261.0,246.0,2511,成交價,正常,75.0,90.0,latest_rank
2026-10-07T19:59:52+08:00,3441,聯一光,上櫃,光電業,249.0,-2.35,-6.0,42373,13:30:00,55.0,38.3,觀察,⚪ 訊號未完整,247.50,280.50,253.48,243.04,35.0,分數或價格結構還不夠一致。,255.0,260.0,280.5,247.5,1192,成交價,正常,0.0,0.0,focus
2026-10-07T19:59:52+08:00,2382,廣達,上市,電子工業,335.0,0.45,1.5,9426,13:30:00,55.0,51.6,觀察,⚪ 訊號未完整,332.50,337.50,341.03,326.51,35.0,分數或價格結構還不夠一致。,333.5,335.0,337.5,332.5,1050,成交價,正常,0.0,0.0,focus
2026-10-07T19:59:52+08:00,6770,力積電,上市,半導體業,72.6,-2.29,-1.7,91031,13:30:00,55.0,38.4,觀察,⚪ 訊號未完整,72.40,74.80,73.91,71.10,35.0,分數或價格結構還不夠一致。,74.3,74.3,74.8,72.4,5416,成交價,正常,0.0,0.0,focus
2026-10-07T19:59:52+08:00,3042,晶技,上市,電子零組件業,210.5,2.93,6.0,12498,13:30:00,55.0,44.6,觀察,⚪ 訊號未完整,207.34,213.00,214.29,203.61,35.0,分數或價格結構還不夠一致。,204.5,205.0,213.0,202.5,512,成交價,正常,0.0,0.0,focus
2026-10-07T19:59:52+08:00,6257,矽格,上市,半導體業,278.0,-2.8,-8.0,47025,13:30:00,55.0,37.7,觀察,⚪ 訊號未完整,273.83,293.50,283.00,268.90,35.0,分數或價格結構還不夠一致。,286.0,283.0,293.5,272.0,2031,成交價,正常,0.0,0.0,focus
2026-10-07T19:59:52+08:00,2409,友達,上市,光電業,37.95,1.34,0.5,347697,13:30:00,37.5,60.6,觀察,⚪ 訊號未完整,37.38,38.18,38.63,36.71,20.0,分數或價格結構還不夠一致。,37.45,37.5,38.15,37.0,13808,成交價,正常,40.0,50.0,latest_rank
2026-10-07T19:59:52+08:00,1303,南亞,上市,塑膠工業,314.0,7.17,21.0,118112,13:30:00,79.0,90.4,等站穩/回測,🟡 有動能但不急追,309.29,322.00,319.65,303.72,20.0,盤中轉強，但要等回測不破或站回右側確認價。,293.0,293.0,322.0,293.0,2258,成交價,正常,90.0,90.0,latest_rank
2026-10-07T19:59:52+08:00,3661,世芯-KY,上市,半導體業,4190.0,0.24,10.0,3219,13:30:00,74.8,77.8,可小量試單,✅ 動能與分數同步,4135.00,4295.00,4265.42,4060.57,30.0,AI/技術/籌碼與盤中動能同步，且尚未過熱。,4180.0,4200.0,4295.0,4135.0,124,成交價,正常,85.0,80.0,latest_rank
2026-10-07T19:59:52+08:00,2308,台達電,上市,電子工業,1990.0,-2.93,-60.0,8977,13:30:00,72.0,71.9,觀察,⚪ 訊號未完整,1975.00,2045.00,2025.82,1939.45,30.0,分數或價格結構還不夠一致。,2050.0,2025.0,2045.0,1975.0,542,成交價,正常,80.0,80.0,latest_rank
2026-10-07T19:59:52+08:00,6213,聯茂,上市,電子零組件業,796.0,1.14,9.0,15603,13:30:00,71.5,78.2,可小量試單,✅ 動能與分數同步,784.06,813.00,810.33,769.95,40.0,AI/技術/籌碼與盤中動能同步，且尚未過熱。,787.0,787.0,813.0,780.0,718,成交價,正常,80.0,90.0,latest_rank
2026-10-07T19:59:52+08:00,6274,台燿,上櫃,電子零組件業,1720.0,-1.99,-35.0,11580,13:30:00,70.0,72.2,可小量試單,✅ 動能與分數同步,1710.00,1835.00,1750.96,1679.22,20.0,AI/技術/籌碼與盤中動能同步，且尚未過熱。,1755.0,1740.0,1835.0,1710.0,589,成交價,正常,80.0,80.0,latest_rank
2026-10-07T19:59:52+08:00,2330,台積電,上市,電子工業,2585.0,0.0,0.0,14381,13:30:00,63.5,77.3,可小量試單,✅ 動能與分數同步,2560.00,2600.51,2631.53,2513.92,30.0,AI/技術/籌碼與盤中動能同步，且尚未過熱。,2585.0,2565.0,2585.0,2560.0,2176,成交價,正常,90.0,40.0,latest_rank
2026-10-07T19:59:52+08:00,3017,奇鋐,上市,電子工業,3545.0,-3.8,-140.0,2856,13:30:00,56.0,57.6,暫不進場,⚪ 盤中轉弱,3505.00,3655.00,3608.81,3441.91,30.0,價格轉弱，先等止跌或尾盤確認。,3685.0,3650.0,3655.0,3505.0,184,成交價,正常,70.0,50.0,latest_rank
2026-10-07T19:59:52+08:00,2492,華新科,上市,電子工業,428.0,9.88,38.5,52087,13:30:00,52.0,80.4,不可追,🔴 接近漲停/過熱,421.58,430.57,435.70,413.99,40.0,漲幅已接近高風險區，寧可錯過，不用追高。,389.5,389.0,428.0,388.0,47,成交價,正常,70.0,50.0,latest_rank
2026-10-07T19:59:52+08:00,0050,元大台灣50,上市,ETF,116.05,-0.39,-0.45,55804,13:30:00,51.3,66.1,觀察,⚪ 訊號未完整,115.95,116.75,118.14,113.86,30.0,分數或價格結構還不夠一致。,116.5,116.15,116.55,115.95,697,成交價,正常,90.0,5.0,latest_rank
2026-10-07T19:59:52+08:00,3711,日月光投控,上市,半導體業,732.0,-1.61,-12.0,7673,13:30:00,50.5,56.1,觀察,⚪ 訊號未完整,728.00,748.00,745.18,714.90,30.0,分數或價格結構還不夠一致。,744.0,735.0,748.0,728.0,814,成交價,正常,60.0,50.0,latest_rank
2026-10-07T19:59:52+08:00,3231,緯創,上市,電子工業,185.0,-2.37,-4.5,26183,13:30:00,50.0,36.2,觀察,⚪ 訊號未完整,185.00,189.50,188.33,181.67,35.0,分數或價格結構還不夠一致。,189.5,188.5,189.5,185.0,2178,成交價,正常,0.0,0.0,fallback
2026-10-07T19:59:52+08:00,6669,緯穎,上市,電子工業,2240.0,-2.18,-50.0,2562,13:30:00,50.0,36.4,觀察,⚪ 訊號未完整,2235.00,2310.00,2280.32,2194.77,35.0,分數或價格結構還不夠一致。,2290.0,2300.0,2310.0,2235.0,220,成交價,正常,0.0,0.0,fallback
2026-10-07T19:59:52+08:00,8046,南電,上市,電子零組件業,1480.0,-1.66,-25.0,8626,13:30:00,48.5,55.2,觀察,⚪ 訊號未完整,1470.00,1560.00,1506.64,1443.54,20.0,分數或價格結構還不夠一致。,1505.0,1505.0,1560.0,1470.0,541,成交價,正常,60.0,50.0,latest_rank
2026-10-07T19:59:52+08:00,8150,南茂,上市,電子工業,128.5,0.78,1.0,34531,13:30:00,48.5,68.1,等站穩/回測,🟡 有動能但不急追,126.57,129.27,130.81,124.29,20.0,盤中轉強，但要等回測不破或站回右側確認價。,127.5,126.0,129.0,125.0,1700,成交價,正常,60.0,50.0,latest_rank
2026-10-07T19:59:52+08:00,6488,環球晶,上櫃,半導體業,1215.0,0.83,10.0,13294,13:30:00,48.5,58.2,觀察,⚪ 訊號未完整,1196.78,1240.00,1236.87,1175.24,20.0,分數或價格結構還不夠一致。,1205.0,1185.0,1240.0,1180.0,492,成交價,正常,60.0,50.0,latest_rank
2026-10-07T19:59:52+08:00,2408,南亞科,上市,半導體業,514.0,-2.1,-11.0,37372,13:30:00,47.8,53.5,觀察,⚪ 訊號未完整,514.00,529.00,523.25,504.75,30.0,分數或價格結構還不夠一致。,525.0,525.0,529.0,514.0,2818,成交價,正常,55.0,50.0,latest_rank
2026-10-07T19:59:52+08:00,3189,景碩,上市,電子工業,1100.0,2.8,30.0,12903,13:30:00,47.8,59.3,觀察,⚪ 訊號未完整,1085.00,1145.00,1119.80,1065.47,30.0,分數或價格結構還不夠一致。,1070.0,1085.0,1145.0,1085.0,512,成交價,正常,55.0,50.0,latest_rank
2026-10-07T19:59:52+08:00,8358,金居,上櫃,電子零組件業,549.0,-0.36,-2.0,20233,13:30:00,47.8,55.5,觀察,⚪ 訊號未完整,540.76,560.00,558.88,531.03,30.0,分數或價格結構還不夠一致。,551.0,536.0,560.0,530.0,673,成交價,正常,55.0,50.0,latest_rank
2026-10-07T19:59:52+08:00,2327,國巨*,上市,電子工業,647.0,3.52,22.0,89622,13:30:00,47.8,60.2,觀察,⚪ 訊號未完整,637.29,686.00,658.65,625.82,30.0,分數或價格結構還不夠一致。,625.0,630.0,686.0,627.0,2306,成交價,正常,55.0,50.0,latest_rank
2026-10-07T19:59:52+08:00,4958,臻鼎-KY,上市,電子零組件業,595.0,3.66,21.0,34054,13:30:00,47.8,60.4,觀察,⚪ 訊號未完整,586.08,600.00,605.71,575.53,30.0,分數或價格結構還不夠一致。,574.0,576.0,600.0,573.0,1233,成交價,正常,55.0,50.0,latest_rank
2026-10-07T19:59:52+08:00,3008,大立光,上市,光電業,6845.0,-0.15,-10.0,1979,13:30:00,47.2,50.2,觀察,⚪ 訊號未完整,6745.00,6970.00,6968.21,6623.59,30.0,分數或價格結構還不夠一致。,6855.0,6830.0,6970.0,6745.0,101,成交價,正常,70.0,25.0,latest_rank
2026-10-07T19:59:52+08:00,3037,欣興,上市,電子工業,1305.0,-0.38,-5.0,8869,13:30:00,45.8,54.7,觀察,⚪ 訊號未完整,1300.00,1345.00,1328.49,1276.60,20.0,分數或價格結構還不夠一致。,1310.0,1310.0,1345.0,1300.0,785,成交價,正常,55.0,50.0,latest_rank
2026-10-07T19:59:52+08:00,2317,鴻海,上市,其他電子業,252.0,-1.56,-4.0,34914,13:30:00,43.0,48.5,觀察,⚪ 訊號未完整,251.50,254.50,256.54,246.97,30.0,分數或價格結構還不夠一致。,256.0,254.0,254.5,251.5,4313,成交價,正常,75.0,5.0,latest_rank
2026-10-07T19:59:52+08:00,2345,智邦,上市,通信網路業,2015.0,-1.71,-35.0,4888,13:30:00,42.2,49.8,觀察,⚪ 訊號未完整,2005.00,2140.00,2051.27,1968.91,30.0,分數或價格結構還不夠一致。,2050.0,2050.0,2140.0,2005.0,183,成交價,正常,45.0,50.0,latest_rank
2026-10-07T19:59:52+08:00,8039,台虹,上市,電子零組件業,304.5,3.05,9.0,17723,13:30:00,37.5,62.6,等站穩/回測,🟡 有動能但不急追,299.93,306.33,309.98,294.53,20.0,盤中轉強，但要等回測不破或站回右側確認價。,295.5,295.5,304.5,288.0,1240,成交價,正常,40.0,50.0,latest_rank
2026-10-07T19:59:52+08:00,2344,華邦電,上市,半導體業,179.5,1.13,2.0,62457,13:30:00,37.5,50.3,觀察,⚪ 訊號未完整,176.81,181.50,182.73,173.63,20.0,分數或價格結構還不夠一致。,177.5,178.5,181.5,175.0,3096,成交價,正常,40.0,50.0,latest_rank
2026-10-07T19:59:52+08:00,2303,聯電,上市,半導體業,148.5,0.68,1.0,145494,13:30:00,29.2,43.6,觀察,⚪ 訊號未完整,146.27,150.00,151.17,143.64,20.0,分數或價格結構還不夠一致。,147.5,148.5,150.0,145.5,4902,成交價,正常,25.0,50.0,latest_rank
2026-10-07T19:59:52+08:00,2454,聯發科,上市,半導體業,4835.0,-1.73,-85.0,5623,13:30:00,29.2,40.7,觀察,⚪ 訊號未完整,4835.00,4940.00,4922.03,4747.97,20.0,分數或價格結構還不夠一致。,4920.0,4920.0,4940.0,4835.0,497,成交價,正常,25.0,50.0,latest_rank
2026-10-07T19:59:52+08:00,3481,群創,上市,電子工業,52.5,2.74,1.4,100725,13:30:00,29.2,56.1,觀察,⚪ 訊號未完整,51.71,52.81,53.45,50.78,20.0,分數或價格結構還不夠一致。,51.1,51.2,52.7,50.7,4755,成交價,正常,25.0,50.0,latest_rank
2026-10-07T19:59:52+08:00,3665,貿聯-KY,上市,電子工業,2315.0,-0.43,-10.0,3360,13:30:00,29.2,52.2,觀察,⚪ 訊號未完整,2285.00,2330.00,2356.67,2243.87,20.0,分數或價格結構還不夠一致。,2325.0,2325.0,2330.0,2285.0,137,成交價,正常,25.0,50.0,latest_rank
