快照時間,代號,名稱,市場,產業,盤中現價,盤中漲跌幅,盤中漲跌,盤中成交量,盤中時間,AI總分,盤中強度分,即時決策,入場狀態,左側試單價,右側確認價,追價上限,防守停損,風險分,決策原因,昨收,開盤,最高,最低,最近單量,價格來源,盤中狀態,技術分,籌碼分,候選來源,v225決策,v225訊號,v225信心分,v225優先級,v225入場區,v225右側確認價,v225追價上限,v225停損,v225失效條件,v225條件檢查,v225核心講解,v225狀態鎖定,v225動能分,v225位置分,v225量能分,v225AI結構分,weak_count
2026-10-02T19:21:06+08:00,3189,景碩,上市,半導體業,1050.0,3.96,40.0,18199,13:30:00,81.0,87.4,可小量試單,✅ 動能與分數同步,1034.25,1070.00,1068.90,1015.63,30.0,AI/技術/籌碼與盤中動能同步，且尚未過熱。,1010.0,1010.0,1070.0,1005.0,476,成交價,正常,90.0,90.0,latest_rank,B級等二次確認,🟡 動能成立但缺一條件,76.7,2,等站穩 1070.00 或回測 1035.00～1055.00 不破,1070.00,1065.00,1005.00,跌破 1005.00 或量縮跌回開盤下方，取消。,價站昨收/開盤✓ / 量能✓ / 未過熱✓ / 風險可控✓ / 離低吸區偏遠,3189 景碩：有動能但條件未滿，分數 76.7。現在不是白老鼠試單，等二次確認才動。,無,80.6,42,82,84.2,0
2026-10-02T19:21:06+08:00,6213,聯茂,上市,電子工業,683.0,6.39,41.0,23938,13:30:00,56.0,69.8,等站穩/回測,🟡 有動能但不急追,672.75,700.00,695.29,660.64,30.0,盤中轉強，但要等回測不破或站回右側確認價。,642.0,646.0,700.0,639.0,689,成交價,正常,70.0,50.0,latest_rank,B級等二次確認,🟡 動能成立但缺一條件,74.9,2,等站穩 700.00 或回測 674.00～686.00 不破,700.00,692.00,639.00,跌破 639.00 或量縮跌回開盤下方，取消。,價站昨收/開盤✓ / 量能✓ / 未過熱✓ / 風險可控✓ / 離低吸區偏遠,6213 聯茂：有動能但條件未滿，分數 74.9。現在不是白老鼠試單，等二次確認才動。,無,95.6,42,82,57.9,0
2026-10-02T19:21:06+08:00,3441,聯一光,上櫃,光電業,211.0,4.2,8.5,27832,13:30:00,55.0,46.1,觀察,⚪ 訊號未完整,207.84,222.50,214.80,204.10,35.0,分數或價格結構還不夠一致。,202.5,210.0,222.5,207.0,622,成交價,正常,0.0,0.0,focus,B級等二次確認,🟡 動能成立但缺一條件,74.0,2,等站穩 222.50 或回測 208.00～212.00 不破,222.50,214.00,205.50,跌破 205.50 或量縮跌回開盤下方，取消。,價站昨收/開盤✓ / 量能✓ / 未過熱✓ / 風險可控✓ / 靠近低風險區✓,3441 聯一光：有動能但條件未滿，分數 74.0。現在不是白老鼠試單，等二次確認才動。,無,82.0,66,82,53.2,0
2026-10-02T19:21:06+08:00,8039,台虹,上市,電子零組件業,296.0,2.6,7.5,18691,13:30:00,56.0,75.2,可小量試單,✅ 動能與分數同步,291.56,297.78,301.33,286.31,30.0,AI/技術/籌碼與盤中動能同步，且尚未過熱。,288.5,285.0,296.0,280.5,2024,成交價,正常,70.0,50.0,latest_rank,B級等二次確認,🟡 動能成立但缺一條件,73.9,2,等站穩 298.00 或回測 292.00～297.00 不破,298.00,300.00,280.50,跌破 280.50 或量縮跌回開盤下方，取消。,價站昨收/開盤✓ / 量能✓ / 未過熱✓ / 風險可控✓ / 離低吸區偏遠,8039 台虹：有動能但條件未滿，分數 73.9。現在不是白老鼠試單，等二次確認才動。,無,80.1,62,82,57.9,0
2026-10-02T19:21:06+08:00,5483,中美晶,上櫃,半導體業,221.5,4.73,10.0,47109,13:30:00,63.2,73.7,可小量試單,✅ 動能與分數同步,218.18,229.50,225.49,214.25,30.0,AI/技術/籌碼與盤中動能同步，且尚未過熱。,211.5,210.5,229.5,209.5,1329,成交價,正常,95.0,40.0,latest_rank,B級等二次確認,🟡 動能成立但缺一條件,73.8,2,等站穩 229.50 或回測 218.50～222.50 不破,229.50,224.50,209.50,跌破 209.50 或量縮跌回開盤下方，取消。,價站昨收/開盤✓ / 量能✓ / 未過熱✓ / 風險可控✓ / 離低吸區偏遠,5483 中美晶：有動能但條件未滿，分數 73.8。現在不是白老鼠試單，等二次確認才動。,無,85.3,42,82,66.1,0
2026-10-02T19:21:06+08:00,8046,南電,上市,電子工業,1460.0,2.82,40.0,16174,13:30:00,73.5,81.1,可小量試單,✅ 動能與分數同步,1438.10,1480.00,1486.28,1412.21,20.0,AI/技術/籌碼與盤中動能同步，且尚未過熱。,1420.0,1440.0,1480.0,1395.0,638,成交價,正常,80.0,90.0,latest_rank,B級等二次確認,🟡 動能成立但缺一條件,72.9,2,等站穩 1480.00 或回測 1440.00～1465.00 不破,1480.00,1480.00,1395.00,跌破 1395.00 或量縮跌回開盤下方，取消。,價站昨收/開盤✓ / 量能✓ / 未過熱✓ / 風險可控✓ / 離低吸區偏遠,8046 南電：有動能但條件未滿，分數 72.9。現在不是白老鼠試單，等二次確認才動。,無,73.5,42,82,77.3,2
2026-10-02T19:21:06+08:00,2345,智邦,上市,通信網路業,1965.0,3.42,65.0,4982,13:30:00,42.2,65.9,等站穩/回測,🟡 有動能但不急追,1935.52,1980.00,2000.37,1900.68,30.0,盤中轉強，但要等回測不破或站回右側確認價。,1900.0,1955.0,1980.0,1920.0,261,成交價,正常,45.0,50.0,latest_rank,B級等二次確認,🟡 動能成立但缺一條件,72.7,2,等站穩 1980.00 或回測 1940.00～1975.00 不破,1980.00,1990.00,1915.00,跌破 1915.00 或量縮跌回開盤下方，取消。,價站昨收/開盤✓ / 量能✓ / 未過熱✓ / 風險可控✓ / 靠近低風險區✓,2345 智邦：有動能但條件未滿，分數 72.7。現在不是白老鼠試單，等二次確認才動。,無,85.2,66,82,43.9,0
2026-10-02T19:21:06+08:00,2327,國巨*,上市,電子工業,626.0,3.99,24.0,102947,13:30:00,64.0,73.6,可小量試單,✅ 動能與分數同步,616.61,647.00,637.27,605.51,30.0,AI/技術/籌碼與盤中動能同步，且尚未過熱。,602.0,604.0,647.0,598.0,2050,成交價,正常,75.0,65.0,latest_rank,B級等二次確認,🟡 動能成立但缺一條件,72.5,2,等站穩 647.00 或回測 618.00～628.00 不破,647.00,634.00,598.00,跌破 598.00 或量縮跌回開盤下方，取消。,價站昨收/開盤✓ / 量能✓ / 未過熱✓ / 風險可控✓ / 離低吸區偏遠,2327 國巨*：有動能但條件未滿，分數 72.5。現在不是白老鼠試單，等二次確認才動。,無,80.7,42,82,66.3,0
2026-10-02T19:21:06+08:00,3042,晶技,上市,電子零組件業,230.5,5.49,12.0,42862,13:30:00,55.0,47.7,觀察,⚪ 訊號未完整,227.04,232.50,234.65,222.95,35.0,分數或價格結構還不夠一致。,218.5,219.0,232.5,217.5,960,成交價,正常,0.0,0.0,focus,B級等二次確認,🟡 動能成立但缺一條件,72.1,2,等站穩 232.50 或回測 227.50～231.50 不破,232.50,233.50,217.50,跌破 217.50 或量縮跌回開盤下方，取消。,價站昨收/開盤✓ / 量能✓ / 未過熱✓ / 風險可控✓ / 離低吸區偏遠,3042 晶技：有動能但條件未滿，分數 72.1。現在不是白老鼠試單，等二次確認才動。,無,90.0,42,82,53.2,0
2026-10-02T19:21:06+08:00,1303,南亞,上市,塑膠工業,260.0,2.36,6.0,41476,13:30:00,47.8,68.8,等站穩/回測,🟡 有動能但不急追,256.10,261.56,264.68,251.49,30.0,盤中轉強，但要等回測不破或站回右側確認價。,254.0,253.0,261.0,251.5,1576,成交價,正常,55.0,50.0,latest_rank,B級等二次確認,🟡 動能成立但缺一條件,72.1,2,等站穩 262.00 或回測 256.50～261.00 不破,262.00,263.50,251.50,跌破 251.50 或量縮跌回開盤下方，取消。,價站昨收/開盤✓ / 量能✓ / 未過熱✓ / 風險可控✓ / 靠近低風險區✓,1303 南亞：有動能但條件未滿，分數 72.1。現在不是白老鼠試單，等二次確認才動。,無,78.6,66,82,49.6,0
2026-10-02T19:21:06+08:00,3037,欣興,上市,電子工業,1305.0,7.41,90.0,17406,13:30:00,77.5,98.4,等站穩/回測,🟡 有動能但不急追,1285.42,1312.83,1328.49,1262.28,30.0,盤中轉強，但要等回測不破或站回右側確認價。,1215.0,1225.0,1305.0,1215.0,920,成交價,正常,90.0,80.0,latest_rank,C級候選觀察,🟣 有前兆但未確認,85.2,4,觀察；低吸只看 1285.00 附近承接,1315.00,1325.00,1215.00,跌破 1215.00 或分數低於 60，移出短線進場池。,價站昨收/開盤✓ / 量能✓ / 未過熱✓ / 風險可控✓ / 離低吸區偏遠,3037 欣興：條件不足，分數 85.2。目前只列觀察，不給買進。,無,100.0,62,82,80.4,0
2026-10-02T19:21:06+08:00,6770,力積電,上市,半導體業,76.5,2.68,2.0,176969,13:30:00,53.2,63.3,等站穩/回測,🟡 有動能但不急追,75.35,77.90,77.88,73.99,30.0,盤中轉強，但要等回測不破或站回右側確認價。,74.5,75.0,77.9,74.2,5725,成交價,正常,65.0,50.0,latest_rank,C級候選觀察,🟣 有前兆但未確認,71.6,4,觀察；低吸只看 75.50 附近承接,77.90,77.50,74.20,跌破 74.20 或分數低於 60，移出短線進場池。,價站昨收/開盤✓ / 量能✓ / 未過熱✓ / 風險可控✓ / 靠近低風險區✓,6770 力積電：條件不足，分數 71.6。目前只列觀察，不給買進。,無,72.6,66,82,55.1,0
2026-10-02T19:21:06+08:00,2409,友達,上市,光電業,40.45,5.61,2.15,697290,13:30:00,45.8,61.9,觀察,⚪ 訊號未完整,39.84,40.85,41.18,39.12,20.0,分數或價格結構還不夠一致。,38.3,38.75,40.85,38.65,19614,成交價,正常,55.0,50.0,latest_rank,C級候選觀察,🟣 有前兆但未確認,71.1,4,觀察；低吸只看 39.95 附近承接,40.85,40.95,38.60,跌破 38.60 或分數低於 60，移出短線進場池。,價站昨收/開盤✓ / 量能✓ / 未過熱✓ / 風險可控✓ / 離低吸區偏遠,2409 友達：條件不足，分數 71.1。目前只列觀察，不給買進。,無,90.8,42,82,48.3,0
2026-10-02T19:21:06+08:00,3711,日月光投控,上市,半導體業,713.0,0.42,3.0,11116,13:30:00,66.5,71.8,等站穩/回測,🟡 有動能但不急追,704.00,722.00,725.83,691.33,30.0,盤中轉強，但要等回測不破或站回右側確認價。,710.0,711.0,722.0,704.0,1079,成交價,正常,70.0,80.0,latest_rank,C級候選觀察,🟣 有前兆但未確認,70.8,4,觀察；低吸只看 704.00 附近承接,722.00,722.00,695.00,跌破 695.00 或分數低於 60，移出短線進場池。,價站昨收/開盤✓ / 量能✓ / 未過熱✓ / 風險可控✓ / 靠近低風險區✓,3711 日月光投控：條件不足，分數 70.8。目前只列觀察，不給買進。,無,58.6,66,82,69.2,0
2026-10-02T19:21:06+08:00,3481,群創,上市,光電業,52.8,0.96,0.5,210003,13:30:00,56.0,63.3,等站穩/回測,🟡 有動能但不急追,52.01,53.40,53.75,51.07,30.0,盤中轉強，但要等回測不破或站回右側確認價。,52.3,52.4,53.4,52.0,7545,成交價,正常,70.0,50.0,latest_rank,C級候選觀察,🟣 有前兆但未確認,69.1,4,觀察；低吸只看 52.10 附近承接,53.40,53.50,51.50,跌破 51.50 或分數低於 60，移出短線進場池。,價站昨收/開盤✓ / 量能✓ / 未過熱✓ / 風險可控✓ / 靠近低風險區✓,3481 群創：條件不足，分數 69.1。目前只列觀察，不給買進。,無,62.0,66,82,57.9,0
2026-10-02T19:21:06+08:00,6182,合晶,上櫃,半導體業,135.0,3.85,5.0,140842,13:30:00,47.8,60.6,觀察,⚪ 訊號未完整,132.97,140.00,137.43,130.58,30.0,分數或價格結構還不夠一致。,130.0,131.0,140.0,128.5,3779,成交價,正常,55.0,50.0,latest_rank,C級候選觀察,🟣 有前兆但未確認,68.2,4,觀察；低吸只看 133.00 附近承接,140.00,137.00,128.50,跌破 128.50 或分數低於 60，移出短線進場池。,價站昨收/開盤✓ / 量能✓ / 未過熱✓ / 風險可控✓ / 離低吸區偏遠,6182 合晶：條件不足，分數 68.2。目前只列觀察，不給買進。,無,79.9,42,82,49.6,0
2026-10-02T19:21:06+08:00,2313,華通,上市,電子工業,226.0,0.67,1.5,8405,13:30:00,55.0,41.9,觀察,⚪ 訊號未完整,224.00,228.00,230.07,219.97,35.0,分數或價格結構還不夠一致。,224.5,225.0,228.0,224.0,562,成交價,正常,0.0,0.0,focus,C級候選觀察,🟣 有前兆但未確認,67.5,4,觀察；低吸只看 224.00 附近承接,228.00,229.00,220.50,跌破 220.50 或分數低於 60，移出短線進場池。,價站昨收/開盤✓ / 量能✓ / 未過熱✓ / 風險可控✓ / 靠近低風險區✓,2313 華通：條件不足，分數 67.5。目前只列觀察，不給買進。,無,60.2,66,82,53.2,0
2026-10-02T19:21:06+08:00,6257,矽格,上市,半導體業,257.5,0.39,1.0,15644,13:30:00,55.0,41.6,觀察,⚪ 訊號未完整,253.64,266.00,262.13,249.07,35.0,分數或價格結構還不夠一致。,256.5,252.5,266.0,250.5,696,成交價,正常,0.0,0.0,focus,C級候選觀察,🟣 有前兆但未確認,66.9,4,觀察；低吸只看 254.00 附近承接,266.00,261.00,250.50,跌破 250.50 或分數低於 60，移出短線進場池。,價站昨收/開盤✓ / 量能✓ / 未過熱✓ / 風險可控✓ / 靠近低風險區✓,6257 矽格：條件不足，分數 66.9。目前只列觀察，不給買進。,無,58.4,66,82,53.2,0
2026-10-02T19:21:06+08:00,2408,南亞科,上市,半導體業,526.0,1.35,7.0,35255,13:30:00,53.2,61.7,觀察,⚪ 訊號未完整,521.00,534.00,535.47,511.62,30.0,分數或價格結構還不夠一致。,519.0,532.0,534.0,521.0,2152,成交價,正常,65.0,50.0,latest_rank,C級候選觀察,🟣 有前兆但未確認,66.8,4,觀察；低吸只看 521.00 附近承接,534.00,533.00,513.00,跌破 513.00 或分數低於 60，移出短線進場池。,價未站穩✗ / 量能✓ / 未過熱✓ / 風險可控✓ / 靠近低風險區✓,2408 南亞科：條件不足，分數 66.8。目前只列觀察，不給買進。,無,56.4,66,82,55.1,0
2026-10-02T19:21:06+08:00,6173,信昌電,上櫃,電子零組件業,303.0,0.17,0.5,23916,13:30:00,50.5,58.2,觀察,⚪ 訊號未完整,299.00,322.50,308.45,293.62,30.0,分數或價格結構還不夠一致。,302.5,300.0,322.5,299.0,793,成交價,正常,60.0,50.0,latest_rank,C級候選觀察,🟣 有前兆但未確認,66.3,4,觀察；低吸只看 299.00 附近承接,322.50,307.00,295.50,跌破 295.50 或分數低於 60，移出短線進場池。,價未站穩✗ / 量能✓ / 未過熱✓ / 風險可控✓ / 靠近低風險區✓,6173 信昌電：條件不足，分數 66.3。目前只列觀察，不給買進。,無,57.1,66,82,52.3,0
2026-10-02T19:21:06+08:00,2368,金像電,上市,電子工業,1105.0,0.91,10.0,6868,13:30:00,37.5,50.0,觀察,⚪ 訊號未完整,1088.42,1120.00,1124.89,1068.83,20.0,分數或價格結構還不夠一致。,1095.0,1100.0,1120.0,1085.0,268,成交價,正常,40.0,50.0,latest_rank,C級候選觀察,🟣 有前兆但未確認,64.7,4,觀察；低吸只看 1090.00 附近承接,1120.00,1120.00,1075.00,跌破 1075.00 或分數低於 60，移出短線進場池。,價站昨收/開盤✓ / 量能✓ / 未過熱✓ / 風險可控✓ / 靠近低風險區✓,2368 金像電：條件不足，分數 64.7。目前只列觀察，不給買進。,無,61.6,66,82,39.9,0
2026-10-02T19:21:06+08:00,3008,大立光,上市,電子工業,6290.0,1.37,85.0,1516,13:30:00,39.5,47.4,觀察,⚪ 訊號未完整,6195.65,6395.00,6403.22,6084.13,30.0,分數或價格結構還不夠一致。,6205.0,6205.0,6395.0,6090.0,96,成交價,正常,40.0,50.0,latest_rank,C級候選觀察,🟣 有前兆但未確認,63.7,4,觀察；低吸只看 6210.00 附近承接,6395.00,6370.00,6090.00,跌破 6090.00 或分數低於 60，移出短線進場池。,價站昨收/開盤✓ / 量能✓ / 未過熱✓ / 風險可控✓ / 靠近低風險區✓,3008 大立光：條件不足，分數 63.7。目前只列觀察，不給買進。,無,64.5,66,70,41.2,0
2026-10-02T19:21:06+08:00,2303,聯電,上市,半導體業,161.5,0.0,0.0,98614,13:30:00,56.0,72.1,可小量試單,✅ 動能與分數同步,159.08,162.50,164.41,156.22,30.0,AI/技術/籌碼與盤中動能同步，且尚未過熱。,161.5,159.0,162.5,157.5,6364,成交價,正常,70.0,50.0,latest_rank,觀察,⚪ 條件不足,69.7,6,觀察；低吸只看 159.50 附近承接,162.50,163.50,157.50,跌破 157.50 或分數低於 60，移出短線進場池。,價站昨收/開盤✓ / 量能✓ / 未過熱✓ / 風險可控✓ / 靠近低風險區✓,2303 聯電：條件不足，分數 69.7。目前只列觀察，不給買進。,無,64.0,66,82,57.9,0
2026-10-02T19:21:06+08:00,2344,華邦電,上市,半導體業,179.0,-0.56,-1.0,73401,13:30:00,70.0,73.7,可小量試單,✅ 動能與分數同步,177.50,184.00,182.22,174.31,30.0,AI/技術/籌碼與盤中動能同步，且尚未過熱。,180.0,182.5,184.0,177.5,3732,成交價,正常,70.0,90.0,latest_rank,觀察,⚪ 條件不足,67.5,6,觀察；低吸只看 177.50 附近承接,184.00,181.50,174.50,跌破 174.50 或分數低於 60，移出短線進場池。,價未站穩✗ / 量能✓ / 未過熱✓ / 風險可控✓ / 靠近低風險區✓,2344 華邦電：條件不足，分數 67.5。目前只列觀察，不給買進。,無,44.5,66,82,73.0,0
2026-10-02T19:21:06+08:00,2330,台積電,上市,半導體業,2500.0,-0.4,-10.0,13869,13:30:00,56.0,71.6,觀察,⚪ 訊號未完整,2495.00,2515.00,2545.00,2450.09,30.0,分數或價格結構還不夠一致。,2510.0,2505.0,2515.0,2495.0,2194,成交價,正常,70.0,50.0,latest_rank,觀察,⚪ 條件不足,66.6,6,觀察；低吸只看 2495.00 附近承接,2515.00,2530.00,2440.00,跌破 2440.00 或分數低於 60，移出短線進場池。,價站昨收/開盤✓ / 量能✓ / 未過熱✓ / 風險可控✓ / 靠近低風險區✓,2330 台積電：條件不足，分數 66.6。目前只列觀察，不給買進。,無,53.5,66,82,57.9,0
2026-10-02T19:21:06+08:00,6147,頎邦,上櫃,半導體業,223.0,-1.11,-2.5,28052,13:30:00,67.8,70.0,觀察,⚪ 訊號未完整,221.00,227.00,227.01,217.02,30.0,分數或價格結構還不夠一致。,225.5,224.5,227.0,221.0,1393,成交價,正常,85.0,60.0,latest_rank,觀察,⚪ 條件不足,65.8,6,觀察；低吸只看 221.00 附近承接,227.00,226.00,217.50,跌破 217.50 或分數低於 60，移出短線進場池。,價未站穩✗ / 量能✓ / 未過熱✓ / 風險可控✓ / 靠近低風險區✓,6147 頎邦：條件不足，分數 65.8。目前只列觀察，不給買進。,無,41.1,66,82,70.1,0
2026-10-02T19:21:06+08:00,2382,廣達,上市,電子工業,332.0,-0.6,-2.0,9943,13:30:00,55.0,50.4,觀察,⚪ 訊號未完整,330.00,334.50,337.98,324.06,35.0,分數或價格結構還不夠一致。,334.0,333.0,334.5,330.0,907,成交價,正常,0.0,0.0,focus,觀察,⚪ 條件不足,65.1,6,觀察；低吸只看 330.00 附近承接,334.50,336.00,324.00,跌破 324.00 或分數低於 60，移出短線進場池。,價站昨收/開盤✓ / 量能✓ / 未過熱✓ / 風險可控✓ / 靠近低風險區✓,2382 廣達：條件不足，分數 65.1。目前只列觀察，不給買進。,無,52.3,66,82,53.2,0
2026-10-02T19:21:06+08:00,2454,聯發科,上市,半導體業,4950.0,-0.6,-30.0,3831,13:30:00,45.8,64.4,觀察,⚪ 訊號未完整,4880.00,4979.70,5039.10,4792.16,20.0,分數或價格結構還不夠一致。,4980.0,4950.0,4970.0,4880.0,458,成交價,正常,55.0,50.0,latest_rank,觀察,⚪ 條件不足,63.9,6,觀察；低吸只看 4890.00 附近承接,4980.00,5010.00,4830.00,跌破 4830.00 或分數低於 60，移出短線進場池。,價站昨收/開盤✓ / 量能✓ / 未過熱✓ / 風險可控✓ / 靠近低風險區✓,2454 聯發科：條件不足，分數 63.9。目前只列觀察，不給買進。,無,52.3,66,82,48.3,0
2026-10-02T19:21:06+08:00,2317,鴻海,上市,電子工業,251.0,-1.18,-3.0,28399,13:30:00,50.0,47.6,觀察,⚪ 訊號未完整,250.50,253.00,255.52,245.99,35.0,分數或價格結構還不夠一致。,254.0,253.0,253.0,250.5,2219,成交價,正常,0.0,0.0,fallback,觀察,⚪ 條件不足,63.2,6,觀察；低吸只看 250.50 附近承接,253.00,254.50,244.50,跌破 244.50 或分數低於 60，移出短線進場池。,價站昨收/開盤✓ / 量能✓ / 未過熱✓ / 風險可控✓ / 靠近低風險區✓,2317 鴻海：條件不足，分數 63.2。目前只列觀察，不給買進。,無,48.7,66,82,50.0,0
2026-10-02T19:21:06+08:00,3665,貿聯-KY,上市,其他電子業,2540.0,-0.59,-15.0,2648,13:30:00,47.8,55.3,觀察,⚪ 訊號未完整,2525.00,2670.00,2585.72,2479.55,30.0,分數或價格結構還不夠一致。,2555.0,2620.0,2670.0,2525.0,155,成交價,正常,55.0,50.0,latest_rank,觀察,⚪ 條件不足,61.8,6,觀察；低吸只看 2525.00 附近承接,2670.00,2575.00,2475.00,跌破 2475.00 或分數低於 60，移出短線進場池。,價未站穩✗ / 量能✓ / 未過熱✓ / 風險可控✓ / 靠近低風險區✓,3665 貿聯-KY：條件不足，分數 61.8。目前只列觀察，不給買進。,無,44.3,66,82,49.6,0
2026-10-02T19:21:06+08:00,2308,台達電,上市,電子工業,1885.0,-1.05,-20.0,5517,13:30:00,50.5,56.8,觀察,⚪ 訊號未完整,1880.00,1915.00,1918.93,1846.16,30.0,分數或價格結構還不夠一致。,1905.0,1895.0,1915.0,1880.0,448,成交價,正常,60.0,50.0,latest_rank,觀察,⚪ 條件不足,61.6,6,觀察；低吸只看 1880.00 附近承接,1915.00,1910.00,1835.00,跌破 1835.00 或分數低於 60，移出短線進場池。,價未站穩✗ / 量能✓ / 未過熱✓ / 風險可控✓ / 靠近低風險區✓,2308 台達電：條件不足，分數 61.6。目前只列觀察，不給買進。,無,41.5,66,82,52.3,0
2026-10-02T19:21:06+08:00,3653,健策,上市,電子工業,6800.0,-1.09,-75.0,1020,13:30:00,56.0,56.8,觀察,⚪ 訊號未完整,6760.00,7065.00,6922.40,6638.32,30.0,分數或價格結構還不夠一致。,6875.0,6790.0,7065.0,6760.0,88,成交價,正常,70.0,50.0,latest_rank,觀察,⚪ 條件不足,60.7,6,觀察；低吸只看 6760.00 附近承接,7065.00,6885.00,6635.00,跌破 6635.00 或分數低於 60，移出短線進場池。,價未站穩✗ / 量能✓ / 未過熱✓ / 風險可控✓ / 靠近低風險區✓,3653 健策：條件不足，分數 60.7。目前只列觀察，不給買進。,無,41.2,66,70,57.9,0
2026-10-02T19:21:06+08:00,3231,緯創,上市,電子工業,186.5,-2.1,-4.0,35616,13:30:00,50.0,36.5,觀察,⚪ 訊號未完整,186.00,191.00,189.86,182.65,35.0,分數或價格結構還不夠一致。,190.5,190.5,191.0,186.0,2259,成交價,正常,0.0,0.0,fallback,觀察,⚪ 條件不足,59.1,6,觀察；低吸只看 186.00 附近承接,191.00,189.00,182.00,跌破 182.00 或分數低於 60，移出短線進場池。,價未站穩✗ / 量能✓ / 未過熱✓ / 風險可控✓ / 靠近低風險區✓,3231 緯創：條件不足，分數 59.1。目前只列觀察，不給買進。,無,35.0,66,82,50.0,0
2026-10-02T19:21:06+08:00,3017,奇鋐,上市,電子工業,3440.0,-1.99,-70.0,3127,13:30:00,47.2,52.0,觀察,⚪ 訊號未完整,3388.40,3570.00,3501.92,3327.41,30.0,分數或價格結構還不夠一致。,3510.0,3570.0,3570.0,3385.0,183,成交價,正常,70.0,25.0,latest_rank,觀察,⚪ 條件不足,59.0,6,觀察；低吸只看 3395.00 附近承接,3570.00,3485.00,3355.00,跌破 3355.00 或分數低於 60，移出短線進場池。,價未站穩✗ / 量能✓ / 未過熱✓ / 風險可控✓ / 靠近低風險區✓,3017 奇鋐：條件不足，分數 59.0。目前只列觀察，不給買進。,無,35.7,66,82,48.4,0
2026-10-02T19:21:06+08:00,6669,緯穎,上市,電子工業,2085.0,-1.18,-25.0,2014,13:30:00,50.0,37.6,觀察,⚪ 訊號未完整,2080.00,2125.00,2122.53,2042.56,35.0,分數或價格結構還不夠一致。,2110.0,2115.0,2125.0,2080.0,122,成交價,正常,0.0,0.0,fallback,觀察,⚪ 條件不足,58.7,6,觀察；低吸只看 2080.00 附近承接,2125.00,2115.00,2030.00,跌破 2030.00 或分數低於 60，移出短線進場池。,價未站穩✗ / 量能✓ / 未過熱✓ / 風險可控✓ / 靠近低風險區✓,6669 緯穎：條件不足，分數 58.7。目前只列觀察，不給買進。,無,40.7,66,70,50.0,0
2026-10-02T19:21:06+08:00,6488,環球晶,上櫃,半導體業,1190.0,9.68,105.0,15514,13:30:00,54.5,80.1,不可追,🔴 接近漲停/過熱,1172.15,1197.14,1211.42,1151.05,30.0,漲幅已接近高風險區，寧可錯過，不用追高。,1085.0,1090.0,1190.0,1075.0,27,成交價,正常,80.0,30.0,latest_rank,不可追,🔴 追高風險區,64.3,7,不給新進價；等拉回承接或尾盤結構,1200.00,1205.00,1075.00,已在追高風險區，沒有失效問題，原則是不新追。,價站昨收/開盤✓ / 量能✓ / 過熱✗ / 風險可控✓ / 離低吸區偏遠,6488 環球晶：漲幅 9.68% 已偏高，分數再高也不追；等回測再評估。,無,100.0,62,82,55.9,0
2026-10-02T19:21:06+08:00,3105,穩懋,上櫃,半導體業,591.0,9.85,53.0,27304,13:30:00,47.8,76.0,不可追,🔴 接近漲停/過熱,582.13,594.55,601.64,571.65,30.0,漲幅已接近高風險區，寧可錯過，不用追高。,538.0,574.0,591.0,572.0,125,成交價,正常,55.0,50.0,latest_rank,不可追,🔴 追高風險區,63.5,7,不給新進價；等拉回承接或尾盤結構,595.00,599.00,572.00,已在追高風險區，沒有失效問題，原則是不新追。,價站昨收/開盤✓ / 量能✓ / 過熱✗ / 風險可控✓ / 靠近低風險區✓,3105 穩懋：漲幅 9.85% 已偏高，分數再高也不追；等回測再評估。,無,100.0,66,82,49.6,0
2026-10-02T19:21:06+08:00,4958,臻鼎-KY,上市,電子零組件業,561.0,10.0,51.0,65790,13:30:00,50.5,78.0,不可追,🔴 接近漲停/過熱,552.59,564.37,571.10,542.64,30.0,漲幅已接近高風險區，寧可錯過，不用追高。,510.0,515.0,561.0,514.0,162,成交價,正常,60.0,50.0,latest_rank,不可追,🔴 追高風險區,63.5,7,不給新進價；等拉回承接或尾盤結構,565.00,568.00,514.00,已在追高風險區，沒有失效問題，原則是不新追。,價站昨收/開盤✓ / 量能✓ / 過熱✗ / 風險可控✓ / 離低吸區偏遠,4958 臻鼎-KY：漲幅 10.00% 已偏高，分數再高也不追；等回測再評估。,無,100.0,62,82,52.3,0
