代號,名稱,盤中現價,盤中漲跌幅,v225決策,v225訊號,v225信心分,v225停損,weak_count,state_updated_at
2409,友達,38.55,9.99,不可追,🔴 追高風險區,65.3,35.60,0,2026-09-30T20:50:00+08:00
3441,聯一光,184.5,-0.27,觀察,⚪ 條件不足,61.2,180.00,0,2026-09-30T20:50:00+08:00
2382,廣達,333.5,-0.89,觀察,⚪ 條件不足,62.2,324.00,0,2026-09-30T20:50:00+08:00
2313,華通,226.5,0.22,C級候選觀察,🟣 有前兆但未確認,64.2,221.00,0,2026-09-30T20:50:00+08:00
6770,力積電,75.3,4.15,B級等二次確認,🟡 動能成立但缺一條件,76.3,73.20,0,2026-09-30T20:50:00+08:00
6257,矽格,254.0,7.4,C級候選觀察,🟣 有前兆但未確認,75.1,238.50,0,2026-09-30T20:50:00+08:00
3042,晶技,210.0,0.72,C級候選觀察,🟣 有前兆但未確認,63.3,204.50,0,2026-09-30T20:50:00+08:00
6213,聯茂,623.0,0.48,C級候選觀察,🟣 有前兆但未確認,70.3,608.00,0,2026-09-30T20:50:00+08:00
1303,南亞,255.5,3.44,B級等二次確認,🟡 動能成立但缺一條件,73.5,245.50,0,2026-09-30T20:50:00+08:00
3665,貿聯-KY,2595.0,6.13,B級等二次確認,🟡 動能成立但缺一條件,78.0,2485.00,0,2026-09-30T20:50:00+08:00
8046,南電,1340.0,5.51,A級可小量試單,🟢 量價確認,82.0,1250.00,0,2026-09-30T20:50:00+08:00
4958,臻鼎-KY,507.0,1.71,C級候選觀察,🟣 有前兆但未確認,71.9,494.00,0,2026-09-30T20:50:00+08:00
3231,緯創,184.5,-0.54,觀察,⚪ 條件不足,62.0,180.00,0,2026-09-30T20:50:00+08:00
6669,緯穎,2090.0,-0.48,觀察,⚪ 條件不足,60.0,2030.00,0,2026-09-30T20:50:00+08:00
3653,健策,6800.0,-1.38,觀察,⚪ 條件不足,58.2,6635.00,0,2026-09-30T20:50:00+08:00
3189,景碩,970.0,1.57,C級候選觀察,🟣 有前兆但未確認,69.9,937.00,0,2026-09-30T20:50:00+08:00
2344,華邦電,179.5,3.16,B級等二次確認,🟡 動能成立但缺一條件,73.6,175.00,0,2026-09-30T20:50:00+08:00
3037,欣興,1175.0,0.86,C級候選觀察,🟣 有前兆但未確認,64.5,1145.00,0,2026-09-30T20:50:00+08:00
3026,禾伸堂,791.0,-0.63,觀察,⚪ 條件不足,61.8,772.00,0,2026-09-30T20:50:00+08:00
6274,台燿,1520.0,2.36,C級候選觀察,🟣 有前兆但未確認,69.7,1480.00,0,2026-09-30T20:50:00+08:00
3017,奇鋐,3435.0,1.03,C級候選觀察,🟣 有前兆但未確認,64.5,3350.00,0,2026-09-30T20:50:00+08:00
2408,南亞科,519.0,2.57,B級等二次確認,🟡 動能成立但缺一條件,72.2,506.00,0,2026-09-30T20:50:00+08:00
2368,金像電,1120.0,0.0,觀察,⚪ 條件不足,59.9,1070.00,0,2026-09-30T20:50:00+08:00
3167,大量,887.0,-1.77,觀察,⚪ 條件不足,57.4,865.00,0,2026-09-30T20:50:00+08:00
0050,元大台灣50,112.05,0.67,觀察,⚪ 條件不足,61.9,108.50,0,2026-09-30T20:50:00+08:00
3443,創意,8040.0,1.45,觀察,⚪ 條件不足,59.0,7845.00,0,2026-09-30T20:50:00+08:00
2454,聯發科,4920.0,0.2,觀察,⚪ 條件不足,61.0,4780.00,0,2026-09-30T20:50:00+08:00
2330,台積電,2480.0,0.2,觀察,⚪ 條件不足,61.0,2410.00,0,2026-09-30T20:50:00+08:00
2303,聯電,154.5,0.65,觀察,⚪ 條件不足,61.8,150.00,0,2026-09-30T20:50:00+08:00
2308,台達電,1890.0,3.0,C級候選觀察,🟣 有前兆但未確認,68.6,1840.00,0,2026-09-30T20:50:00+08:00
8150,南茂,114.5,9.57,不可追,🔴 追高風險區,60.5,105.50,0,2026-09-30T20:50:00+08:00
2449,京元電子,294.5,0.0,觀察,⚪ 條件不足,60.6,287.00,0,2026-09-30T20:50:00+08:00
6182,合晶,133.0,9.92,不可追,🔴 追高風險區,59.4,121.00,0,2026-09-30T20:50:00+08:00
6488,環球晶,1035.0,9.52,不可追,🔴 追高風險區,59.2,953.00,0,2026-09-30T20:50:00+08:00
2317,鴻海,251.5,0.4,觀察,⚪ 條件不足,59.3,244.00,0,2026-09-30T20:50:00+08:00
2327,國巨*,548.0,0.0,觀察,⚪ 條件不足,57.7,532.00,0,2026-09-30T20:50:00+08:00
2383,台光電,4935.0,0.3,觀察,⚪ 條件不足,56.1,4795.00,0,2026-09-30T20:50:00+08:00
